epoch,step,n_vis,train_loss,train_acc,train_ppl,train_te,val_loss,val_acc,val_ppl,val_te,sav_version
0,189,0,2.3154502123121232,0.4676323784722223,13.785492724131009,0.43470312044020626,1.9223970114582716,0.5012861211547294,10.1589548970148,0.3212668753196402,1
0,378,0,2.090360682477396,0.49332733961640224,10.138002313379625,0.38172960567351055,1.7774036930064963,0.5361146383340983,8.321689287836023,0.29293561416594,2
0,567,0,1.9799251264155016,0.5086311246141976,8.701752690324525,0.35678817860980405,1.7441673314932622,0.5403710100531834,8.023094435522415,0.28253936053959017,3
0,756,0,1.9183866539329448,0.5176850818452385,7.947750332364413,0.3424148828878843,1.7070864547382703,0.5500030788471839,7.309821894945442,0.282367423414479,4
0,945,0,1.8777437906416636,0.52392650462963,7.4734354169127695,0.33292837256160124,1.6794983798807317,0.5554238825279306,7.214491467136181,0.2751852702396678,5
0,1134,0,1.8458625232731853,0.5289265735229283,7.1323044692309026,0.32570730103678996,1.6475633202177105,0.560880347030915,6.784112564400242,0.27278139063180934,6
0,1323,0,1.819393468191474,0.533581718277589,6.867423993810373,0.31990446346699497,1.6227063988194321,0.5708079552628557,6.502207593695309,0.26504132837681754,7
0,1512,0,1.796279196385984,0.5381843687996042,6.652291881239473,0.3151511150017284,1.5688412418269149,0.5874060204315886,6.356646823529384,0.2509383028882349,8
0,1701,0,1.7723815620541221,0.5433273396164036,6.454712873247093,0.31034655522771715,1.5446437573192096,0.595900231003214,6.341294606651618,0.24706177839678792,9
0,1890,0,1.7524154659301516,0.5477883701223561,6.29292750055584,0.30628337581754167,1.5242543918917877,0.5986946584691614,5.87918888557597,0.25085785334390975,10
1,2079,0,1.5588325953229945,0.5901943774933514,4.771082783525417,0.26748019805697415,1.518775959207554,0.6021597365702479,5.846094390342017,0.2445842553088594,11
1,2268,0,1.545958975265766,0.5939820954907167,4.709520877436364,0.2651214076838315,1.5123115175902242,0.6039654953895011,5.972785027071385,0.2354536466401623,12
1,2457,0,1.541716516228531,0.5949191143992938,4.6900323881202945,0.2641361064068332,1.5009978949421583,0.6059477648167277,5.739091159982676,0.24261713416527642,13
1,2646,0,1.5350102044099214,0.596383485099338,4.65851756309685,0.2628465372384865,1.4937310929250236,0.6084050136784511,5.606925790046143,0.23906024609707238,14
1,2835,0,1.5295836618643697,0.5979627706236759,4.633576954197611,0.2617820636503982,1.4835317869379063,0.6111979465583868,5.4533816312963035,0.240421750043626,15
1,3024,0,1.525257198976818,0.5989991311782882,4.613467853824513,0.2609837495095657,1.4826101660728455,0.612069828254132,5.4567816569212075,0.23373380719141448,16
1,3213,0,1.5207183910209725,0.5999971190667556,4.592544366706884,0.2601308372833607,1.4738733937041928,0.613135946347949,5.603137444826302,0.23483083106854447,17
1,3402,0,1.516202869279585,0.601112738356222,4.571734743493267,0.2592766741538335,1.4748573261077957,0.6134611084806398,5.568851153332472,0.2334733555547267,18
1,3591,0,1.5137184607982634,0.6017055951286773,4.560287718792605,0.25878307700498476,1.4716797103785506,0.6141663438360883,5.469339779690173,0.23108136225397238,19
1,3780,0,1.5117976457874507,0.6023085958178941,4.551855963876644,0.25835357899367917,1.464610128089635,0.6140035834194214,5.271843208370169,0.242573194939911,20
2,3969,0,1.4709633270049478,0.6118033506016044,4.369907486593306,0.25203216940363926,1.4608093307475851,0.6172836018805478,5.290029548429148,0.23287888072235086,21
2,4158,0,1.4718691776407526,0.6118174451462765,4.373414914694937,0.25167081920029444,1.453478298404,0.6185674512645397,5.275061747182176,0.23169670258268454,22
2,4347,0,1.4692464075257292,0.6124420976216817,4.360738380699813,0.25104698572063155,1.459435805527851,0.6174665691000919,5.270943756922711,0.231100412951453,23
2,4536,0,1.4653168306426598,0.6130816634200932,4.34305451062386,0.2503753630769658,1.4532637138559361,0.6201539244241657,5.472773396942016,0.22331790831059684,24
2,4725,0,1.4622297180798753,0.6137898288374861,4.329380234721211,0.24974652916743906,1.4461278626413057,0.6216509017734159,5.313297521420603,0.22457698059213052,25
2,4914,0,1.4635621263997716,0.6136000131128528,4.335133377184015,0.24980409339070103,1.4448635012212425,0.6202997063437404,5.312285273318882,0.22536218001029645,26
2,5103,0,1.463050952380034,0.6138779806964418,4.3325112824138,0.2496741088348151,1.4415351850817901,0.6216061837599476,5.110726424383726,0.2306816127235048,27
2,5292,0,1.4622926080463738,0.614145022764901,4.329306435316804,0.24954276752171947,1.4347829234720482,0.623012439738292,5.188205709466917,0.22458987805830913,28
2,5481,0,1.4589494271022982,0.6147672458983231,4.315009129874912,0.24899805597309324,1.437165000824013,0.6228759242519898,5.270340055853549,0.21969905611868054,29
2,5670,0,1.4570757466352593,0.6151472188658635,4.306857773308924,0.24866636179659035,1.4285393766682557,0.6247282842630854,5.038151683439089,0.2281683971700486,30
3,5859,0,1.4307382010644483,0.6199250252016133,4.193701552321892,0.24407513938348735,1.4315185203696743,0.623472413529232,5.175065879210192,0.22223021612122326,31
3,6048,0,1.4336380529403687,0.6193932291666676,4.206899520448059,0.24452627982762207,1.4359666157250452,0.6249041970366545,5.374570721613988,0.21481233211653683,32
3,6237,0,1.430159368836288,0.6203968237477843,4.192043869880494,0.24390466437306166,1.4291434185673493,0.6254632917718854,5.292916485879215,0.21614277724752332,33
3,6426,0,1.4332450036192004,0.6196020605079685,4.2058743324718,0.2443720880109653,1.4296615954601404,0.624843905436945,5.173046367304761,0.21731780720037483,34
3,6615,0,1.4304210673978122,0.6202238629578025,4.1937082380954,0.24396560333681142,1.427382600427878,0.6259634101430975,5.15035119329939,0.2148007002337709,35
